input:,output:
Lá Lốt,"- Đặc điểm: Là một loại cây mềm, mọc cao tới 1m, thân hơi có lông. Lá hình trứng rộng, phía gốc hình tim, đầu lá nhọn, soi lên có những điểm trong, phiến lá dài 13cm, rộng 8,5cm, mặt trên nhẵn, mặt dưới hơi có lông ở gân, cuống lá dài chừng 2,5cm. Cụm hoa mọc thành bông, bông hoa cái dài chừng 1cm, cuống dài 1cm.
- Phân bố và chế biến: 
+ Cây lá lốt mọc hoang và được trồng nhiều ở nơi ở miền Bắc nước ta, thường trồng bằng mẩu thần cắt thành từng khúc 20-25cm, giâm vào nơi ẩm ướt, dưới bóng cây mát. Thường nhân dân trồng lấy lá làm gia vị hay làm thuốc. Lá hái quanh năm có thể dùng thân, hoa hay rễ. Hái về thường dùng tươi. Rễ thường được hái vào tháng 8-9.
- Tác dụng dược lí: Lá lốt  được dùng  làm gia vị hay làm thuốc sắc uống chữa đau xương, thấp khớp, tê thấp, đổ mồ hôi tay, chân, bệnh đi ngoài lỏng. Ngày dùng 5-10g lá phơi khô hay 15-30g lá tươi. Sắc với nước chia 2-3 lần uống trong ngày.
Người ta còn dùng dưới dạng thuốc sắc rồi cho ngâm chân hay tay hay đổ mồ hôi, ngâm đến khi nguội thì thôi.
"
Kỷ Tử,"- Đặc điểm: Là một loại cây nhỏ, cao 0,5-1,5m cành nhỏ, thỉnh thoảng có gai ngắn mọc ở kẽ lá, dài 5cm. Lá mọc so le một số mọc vòng tại một điểm. Cuống lá ngắn 2-6mm. Phiến lá hình mác, đầu lá và phía cuống của lá đều hẹp, hơi nhọn, dài 2-6cm, rộng 0,6-2,5cm, mép lá nguyên. Hoa nhỏ mọc đơn độc ở kẽ lá hoặc có một số hoa mọc tụ lại. Cánh hoa màu tím đỏ. Quả mọng hình trứng dài 0,5-2cm, đường kính 4-8mm. Khi chín có màu đỏ sẫm hoặc vàng đỏ. Hạt nhiều, hình thận, dẹt, dài 2-2,5mm.
- Phân bố và chế biến: 
+ Trước đây kỷ tử chỉ là một vị thuốc nhập, gần đây ta đã bắt đầu trồng để lấy quả làm thuốc. Trồng bằng hạt hay dâm cành. Gieo hạt vào mùa hạ, tưới nước giữ độ ẩm, sau 7-8 ngày hạt mọc. Khoảng cách cây từ 0,6m đến 1m. Có thể cắt cành thành từng mẩu nhỏ 20-25cm. Sau 3 năm có thể thu hoạch. Thời kỳ thu hoạch kéo dài 20-30 năm nhưng thu hoạch cao nhất vào năm thứ 10. 
+ Quả hái trong 2 mùa hạ và thu vì thời kỳ quả chính kéo dài. Theo kinh nghiệm trồng của Trung Quốc 1 hecta kỷ tử tốt và sai quả cho 1.500kg quả. Cay 3 năm cho khoảng 500-800 kg/ha.
Hái quả cần hái vào sáng sớm hoặc chiều mát, nếu vào giữa trưa nóng quá có thể bị kém chất. Khi mới hái về phải tải mỏng phơi râm mát cho tới khi da bắt đầu nhãn mới phơi chỗ nắng đến thật khô. Nếu sấy phải giữ ở nhiệt độ thấp 30- 45°C.
+ Cho đến nay, kỷ tử phần lớn nhập của Trung Quốc. Tại Trung Quốc người ta trồng ở nhiều tỉnh, tại những tỉnh biên giới Việt Nam như Quảng Đông, Quảng Tây, Vân Nam đều có. Ngoài ra cây còn mọc và được trồng ở Nhật Bản, Triều Tiên.
"
Bông Trang Đỏ,"- Đặc điểm: Cây nhỏ, thân cành nhãn, cao 0,6-1m. Lá mọc đối, không cuống hay gần như không cuống, phiến lá hình bầu dục, hai đầu nhọn, dài 5-10cm, rộng 3-5cm. Mặt trên xanh bóng. Hoa nhỏ, dài, màu đỏ, mọc thành xim dày đặc ở đầu cành. Quả màu đỏ tím, cao 5-6cm, rộng 6-7mm. Mỗi ô có 1 hạt, cao 4-5mm, rộng 3-4mm, phía lưng phồng lên còn phía bụng thì lõm vào.
- Phân bố và chế biến: 
+ Cây mọc hoang ở những vùng đồi trọc, dãi nắng. Nhiều nơi nhất là đình chùa hay trồng làm cảnh. Đừng nhầm cây mẫu đơn này hay đơn đỏ với cây mẫu đơn Paeonia suffruticosa .
+ Người ta đào lấy rễ gần như thu hái quanh năm, rửa sạch, thái mỏng phơi hay sấy khô làm thuốc. Còn có nơi dùng hoa phơi hay sấy khô làm thuốc.
- Tác dụng dược lí: Rễ đơn đỏ được dùng làm thuốc lợi tiểu, dùng trong những trường hợp đái đục, còn chữa cảm sốt, đau nhức và chữa lị. Dùng mỗi ngày 10-15g dưới dạng thuốc sắc hoặc ngâm rượu.
"
Mít,"- Đặc điểm: Là một cây to, cao có thể tới hơn 30m, với cành non rất nhiều lông ở ngọn. Lá đơn, nguyên, dày, dài 9-22cm, rộng 4-9cm, cuống 1-1,5cm. Hoa đơn tính, cùng gốc. Cụm hoa cái mọc ngay trên thân hay trên cành, dài 5-8 cm, dày 2-5 cm. Cụm hoa đực hình chùy. Quả phức to, dài 30-60 cm, mặt tua tủa những gai ngắn. Khi chín vỏ vẫn giữ màu xanh lục hay hơi ngả vàng. Thịt qua chín màu vàng nhạt, vị ngọt, rất thơm, hạt rất nhiều.
- Phân bố và chế biến: 
+ Được trồng khắp các tỉnh ở nước ta. Còn
thấy cả ở Lào, Campuchia. Chủ yếu người ta trồng để lấy quả ăn. Quả non luộc làm rau ăn. Hạt nướng hay luộc ăn ngon, thơm và bùi, gỗ quý, màu vàng, không mọt, dùng làm nhà, làm đồ đạc và tạc tượng.
+ Dùng làm thuốc, thường người ta chỉ hay dùng lá mít tươi. Khi dùng đến mới hái. Một số nơi dùng gỗ mít làm thuốc an thần. Dùng gỗ tươi hay khô.
- Tác dụng dược lí: Gỗ, và lá mít còn được dùng làm thuốc an thần, chữa huyết áp cao hay chữa những trường hợp co quắp: Mài gỗ mít lên miếng đá nháp hay chỗ nháp của trên bát, có thêm ít nước. Nước sẽ vẩn đục do chất gỗ và nhựa mít. Uống thứ nước đục này. Ngày dùng từ 6 đến 10g gỗ mít mài như trên. Ngoài ra còn được dùng để chưa táo bón, tiêu chảy hoặc ăn không tiêu
"
Rau Ngót,"- Đặc điểm: Cây nhỏ, nhẵn, có thể cao tới 1,50-2m. Có nhiều cành mọc thẳng. Vì người ta hái lá luôn cho nên thường chỉ thấp 0,90-1m. Vỏ thân cây màu xanh lục, sau màu nâu nhạt. Lá mọc so le, dài 4-6cm, rộng 15-30mm cuống rất ngắn 1- 2mm có 2 lá kèm nhỏ, phiến lá nguyên hình trứng dài hoặc bầu dục, mép nguyên, (Hình 20). Hoa đực mọc ở kẽ lá thành xim đơn ở phía dưới, hoa cái ở trên. Quả nang hình cầu, hạt có vân nhỏ.
- Phân bố và chế biến: Mọc hoang và được trồng khắp nơi tại VN. Có thể lấy là để nấu canh hoặc làm thuốc.
- Tác dụng dược lí: Chưa có tài liệu nghiên cứu.
"
Lá Ngón,"- Đặc điểm: Đoạn là đứt, trường là ruột, tên đoạn trường thảo vì người ta cho rằng uống vị này sẽ bị đứt ruột mà chết. Đoạn trường thảo hay cây lá ngón là một loại dây mọc leo, thân và cành không có lông, trên thân hơi có khía dọc. Lá mọc đối, hình trứng thuôn dài, hay hơi hình mác, đầu nhọn, phía cuống nhọn hay hơi tù, mép nguyên, bóng, nhẵn, dài 7-12cm, rộng 2,5-5,5cm. Hoa mọc thành xim ở đầu cành hay kẽ lá. Cánh hoa màu vàng. Có tài liệu nói hoa màu trắng, nhưng bản thân tôi đã kiểm tra lại là màu vàng (tại Lạng Sơn và các nơi khác: Sapa, Hà Giang). Mùa hoa tháng 6-8-10. Quả là một nang, dài, màu nâu hình thon, dài 1cm, rộng 0,5cm. Hạt nhỏ, quanh mép có rìa mỏng màu nâu nhạt, hình thận.
- Phân bố và chế biến:  Cây lá ngón khá phổ biến ở miền rừng núi Việt Nam. Người ta thường không dùng làm thuốc, mà chỉ dùng để tự tử hay với mục đích đầu độc. Các tỉnh miền núi như Hòa Bình, Hà Tây, Lào Cai, Cao bằng, Tuyên Quang, Hà Giang đều có. Còn có ở một số nước ở vùng nhiệt đới và á nhiệt đới châu Á. Ở Trung Quốc người ta thấy ở Phúc Kiến, Quảng Đông, Quảng Tây, Vân Nam, Tứ Xuyên. Bắc châu Mỹ có loài Gelsemium sempervirens Art.
- Tác dụng dược lí: 
+ Trong cây lá ngón Bắc Mỹ, thành phần chủ yếu là chất gelmixin có độc tính rất mạnh, với liều thấp trên động vật có vú, trước khi thấy có hiện tượng ức chế hô hấp thường thấy một thời kỳ hưng phấn ngắn.
+ Trong cây lá ngón của ta và Trung Quốc có thành phần khác nhưng so với tác dụng của những ancaloit của cây lá ngón Bắc Mỹ thì nhiều phần giống nhau. Chất kumin và kuminin ít độc hơn, gần giống tác dụng của gelsemin, chất kuminixin rất độc, nhưng chất gelsemixin lại độc hơn nữa ... Nhỏ dung dịch gelsemin và gelsemixin lên mắt thì thấy hiện tượng dãn đồng tử còn kumin và kuminin không làm dãn đồng tử.
"
Bông Ổi,"- Đặc điểm:  Cây nhỏ mang nhiều cành ngang, có lông và gai ngắn quặp về phía dưới. Lá hình bầu dục, đầu nhọn, mặt xù xì, mép có răng cưa, mặt trên có lông ngắn, cứng, mặt dưới lông mềm hơn, phiến lá dài 3-9cm, rộng 3-6cm, cuống lá ngắn, phía trên cuống có dìa. Hoa không cuống, màu trắng, vàng, vàng cam hay đỏ mọc thành bông hình cầu gần giống như hình đầu. Hoa có lá bắc hình mũi giáo. Đáo hình chuông, có hai môi. Tràng hình ống có 4 thuỳ không đều. Quả hình cầu, màu đỏ nằm trong lá dài, mang 2 mạch cứng, xù xì.
- Phân bố và chế biến:
+ Cây nguồn gốc các nước Trung Mỹ, sau được phổ biến đi khắp các nước vùng Viễn Đông, Mangat, Tân Caledonia. Tại Tan Caledonia cây mọc hoang và phát triển tới mức độ chính phủ ở đây phải ra lệnh triệt hết những cây này dù chỉ giữ một gốc để làm cảnh cũng không được phép. Tại Việt Nam cây được trồng làm cảnh và mọc dại. Toàn thân cây tỏa ra một mùi đặc biệt có người ưa nhưng cũng có người không ưa.
+ Lá và cành được dùng làm thuốc; hái về phơi hay sấy khô.
- Tác dụng dược lí: Một số nơi nhân dân dùng lá cây bông ổi giã nát đắp lên những vết thương, vết loét, người ta cho lá bông ổi có tính chất sát trùng lên da, cầm máu. Người ta còn dùng đắp nơi rắn cắn và cho vào nồi nước xông chữa cảm mạo, sốt.
Dùng ngoài không kể liều lượng.
Chú thích:
Cây này không có tác dụng chữa viêm xoang mũi như cây cứt lợn Ageratum conyzoides. Chú ý tránh dùng lầm.
"
Lá Bàng,"- Đặc điểm: Bàng là một cây to, có thể cao tới 25m, cành mọc vòng làm cho tán cây xòe ra như cái lọng. Lá to hình thìa, đầu tròn, mặt trên nhẵn, mặt dưới có lông hung nhạt phiến lá dài 20-30cm, rộng 10-13cm. Hoa nhiều mọc thành bông dài 15-20cm, trên cán bông hoa có lông. Quả hình bầu dục, nhẵn dẹt với hai bên dìa hẹp, đầu hơi nhọn, dài 4cm, rộng 3cm, dày 15mm, nhẵn, cơm màu vàng đỏ, có xơ. Hạch rộng 15mm, hạt có nhân trắng chứa nhiều dầu. 
- Phân bố và chế biến: 
+ Cây bàng được trồng khắp nơi làm cây hóng mát. Người ta cho rằng cây bàng vốn không có ở nước ta, mà di thực từ đảo Moluques vào.
Người ta thường dùng lá, vỏ cây và hạt.
+ Về mặt nguyên liệu cho dầu thì năng suất bàng thấp vì việc tách nhân bàng ra vất vả. Từ 100 g hạch khô chỉ tách được 23g nhân.
- Tác dụng dược lí: Tại một số vùng, nhân dân dùng vỏ bàng sắc uống chữa lỵ, ỉa chảy và rửa các vết loét, vết thương.
Ở Ấn Độ, Inđônêxia và Philipin người ta cũng dùng như vậy. Liều dùng hằng ngày 12-15g, sắc với 200ml, thêm ít đường cho dễ uống. Lá còn được dùng sắc uống chữa cảm sốt làm cho ra mồ hôi, hoặc lá tươi giã nát, xào nóng để đắp và chườm vào nơi đau nhức. Hạt dùng chữa ỉa ra máu (sắc uống), có thể dùng ép lấy dầu để ăn hay dùng trong công nghiệp.
"
Hoa Nhài,"- Đặc điểm: Cây nhỏ, có nhiều cành mọc  xoà ra. Lá hình trái xoan nhọn ở đầu và ở phía cuống, dài 3-7cm, rộng 20-35mm, 2 mặt đều bóng, khe các gân phụ ở mặt dưới có lông. Cụm hoa mọc ở đầu cành ít hoa. Quả có 2 ngăn, hình cầu, đường kính 6mm màu đen, quanh có đài phủ lên. 
- Phân bố và chế biến: 
+ Được trồng ở khắp nơi tại Việt Nam để lấy hoa dùng ướp chè hay để làm thơm thức ăn. Muốn dùng rễ, đào lên rửa sạch đất cát. Phơi hay sấy khô để dùng. Có thể đào rễ quanh năm nhưng tốt nhất vào mùa thu đông. 
- Tác dụng dược lí: 
+ Chưa có nhiều tài liệu nghiên cứu.
+ Trong sách cổ và Bản thảo cương mục có ghi “Muốn làm cho người mê đi trong một ngày, cho người đó uống rượu có chừng 3cm rễ cây nhài, nếu muốn cho mê trong hai ngày cho uống gấp hai nghĩa là đoạn rễ dài 6cm”.
+ Hiện đại thực dụng trung được (1957) cũng có ghi “Rễ nhài có tác dụng ma tuý (mê) ngâm rượu uống sẽ hôn mê bất tỉnh”, chú ý kiểm tra lại.
"
Cây Ba Chẽ,"- Đặc điểm: Cây nhỏ, sống lâu năm, thân nhỏ, có nhiều cành. Thường cao 0,5-0,6m nhưng cũng có thể cao tới 1,5m. Lá gồm 3 lá chét hình bầu dục với lá kèm nhỏ. Đường gần mặt trên lõm. Mặt dưới lồi, mặt dưới lá phủ một lớp lông tơ trắng trông hơi lấp lánh, đặc biệt các lá non ở ngọn có phủ lớp lông tơ nhiều hơn. Hoa nhỏ màu trắng, mọc thành chùm đơn ở kẽ lá. Quả giáp, hạt hình thận. Mùa hoa quả: Hè và thu.
- Phân bố và chế biến: 
+ Là cây hoang mọc ở nhiều nơi nhất là đồi núi ít cây vùng trung du. Nhân dân địa phương cắt cây về làm phân xanh hoặc làm củi đun. Có thể trồng bằng hạt hay bằng dâm cành. Ở đồng bằng hay vùng trung du cây đều
mọc tốt.
+ Bộ phận dùng là lá, hái lá về phơi hay sấy khô. Có thể sao cho hơi vàng và cho thơm mà dùng. 
- Tác dụng dược lí: Lá cây này chữa kiết lỵ. Cách dùng như sau: hải lá về phơi khô hay sao vàng. Mỗi ngày dùng từ 30 đến 50g thêm nước vào, đun sôi kỹ (sôi chừng 15 phút đến nửa giờ). Chia hai ba lần uống trong ngày. Uống liên tục từ 3 đến 5 ngày tùy theo bệnh nặng nhẹ. Còn dùng chữa rắn cắn: Lá ba chẽ tươi giã nát hay nhai nát, nuốt nước, bã còn lại đắp lên nơi rắn cắn.
"
Hoàng Liên,"- Đặc điểm: Hoàng liên là một loại cây cỏ nhỏ, sống lâu năm, cao độ 20-35cm. Lá mọc so le từ thân rễ, có cuống dài. Phiến lá gồm 3-5 lá chét. Mỗi lá chét lại chia thành nhiều thùy, mép có răng cưa to. Đầu mùa xuân sinh trục mang hoa dài chừng 10cm. Đầu trục có 3-4 hoa màu trắng, nhiều lá noãn rời nhau.
- Phân bố và chế biến: 
+ Cây hoàng liên mọc hoang ở các vùng núi cao ’1.500-2.000m tại Lào Cai (Sapa), dãy núi Hoàng Liên Sơn, khu Tây Bắc. Tuy nhiên chưa đủ nhu cầu dùng trong nước và xuất khẩu. Muốn trồng hoàng liên, chọn các quả già nhưng chưa nứt vỏ. Hái quả về phơi, khi vỏ nứt, sẽ chọn các hạt mập, chắc, có hạt phải tranh thủ gieo ngay, để lâu sẽ mất khả năng mọc. Nếu chưa gieo ngay phải lấy đất lẫn cát ẩm trộn với hạt. Trong vòng một tháng phải trồng, để lâu không mọc nữa. Gieo hạt vào tháng 4-5. Đất gieo phải ở sườn núi cao 1.200-2.000m. Làm đất thật nhỏ, nhặt sạch cỏ. Luống đánh cao 10-15cm, dài 2m. Rắc hạt như gieo hạt rau, 1 kilôgam hạt giống cho chừng 10 vạn cây con. Khi mọc mầm thì rắc phân mục hoặc tro bếp (không dùng phân người), 1kg hạt cần độ 300kg phân. Khi cây đã có 3 lá thì tỉa bớt chỉ để cách nhau độ 3-4cm một cây.
+ Khi cây đã có 5-6 lá thì sẽ nhổ lên trồng cố định tại nơi khác.
Đất trồng cố định cũng phải ở trên cao 1.200- 2.000m có cây to che mát, nếu không có phải làm dàn che cao độ 1,80m. Mỗi héc ta trồng chừng hơn 8 vạn cây. Hằng năm làm cỏ. Bón bằng phân chuồng và phân xanh.
+ Sau 5 năm bắt đầu có thể thu hoạch. Cần thu hoạch vào thu đông, nếu để sang xuân chất lượng sẽ kém. Hoàng liên hái về, rửa sạch, phơi hay sấy khô là được.
- Tác dụng dược lí: 
+ Chống vi trùng, giảm huyết áp và xỉu đối với hệ tim mạch
+ Tính vị theo đông y: Vị đắng, tính hàn, vào 5 kinh: tâm, can, đởm, vị và đại trường. Tác dụng tả hỏa, táo thấp, giải độc, chữa sốt, tả lỵ, tâm phiền, nôn ra máu, tiêu khát, đau mắt đỏ, loét miệng, ngộ độc do ba đậu, khinh phấn. Bệnh nhân huyết ít, khí hư, tùy vị hư nhược, trẻ con lên đậu, đi tả cấm dùng.Tán bột chế thành thuốc viên 0,50g
+ Chữa lỵ: Cả lỵ amip và lỵ khuẩn đều có tác dụng. Ngày uống 3-6g chia làm 3 lần uống. Thời gian điều trị 7-15 ngày. Nếu lỵ có sốt, sau 2,3 ngày đầu giảm sốt, sau 5 ngày phân hết trùng lỵ.
"
Cây Sầu Đâu,"- Đặc điểm: Nhỏ, chỉ cao 1,6-2m, thân yếu không thành gỗ và không to như cây xoan làm nhà. Lá xẻ lông trym không đều, 4-6 đôi lá chét. Hoa nhỏ khác gốc, mọc thành chùm xim.
- Phân bố và chế biến: 
+ Cây sầu đâu rừng mọc hoang ở nhiều nơi trong nước ta: Hải Phòng, Đồ Sơn, Thanh Hóa, Nghệ An, Hà Tĩnh, Quảng Bình, Quảng Trị, Thừa Thiên đâu cũng có. Chưa được tổ chức trồng. Nhưng ngay với nguồn mọc hoang dại, hiện nay mỗi năm tổ chức tốt, ta cũng có thể thu mua được 3-5 tấn. Quả chín hái về phơi hay sấy khô. Loại bỏ tạp chất. Không phải chế biến gì khác. Quả khô bảo quản hàng 10 năm gần như không hỏng và không giảm tác dụng. Mùa thu hái: Tháng 8 đến tháng 12.
- Tác dụng dược lí: 
+  Thí nghiệm trong ống nghiệm, hạt khổ sâm
(nha đảm tử) có tác dụng diệt amip ở dạng hoạt động. Trên lâm sàng, hạt khổ sâm tỏ ra có tác dụng chữa lỵ amip cấp tính rất tốt, so sánh tác dụng như êmêtin. Nhưng đối với lỵ mãn tính và lỵ có mang vi trùng thì hiệu quả có kém hơn.
+ Tính vị theo đông y: Vị đắng, tính hàn, vào kinh đại tràng. Tác dụng táo thấp (làm khó cái ẩm ướt), sát trùng. Chữa sốt rét, những người tỳ vị hư nhược nôn mửa cấm dùng. Đây là một loại thuốc lỵ đã được dùng lâu đời ở nhiều nước nhiệt đới: Tại Việt Nam, vị thuốc được ghi với tên “xoan rừng” trong bộ “Nam dược thần hiệu” của Tuệ Tĩnh (thế kỷ 17), tại Trung Quốc vị thuốc lần đầu tiên thấy được ghi với tên nha đảm tử trong ”Bản thảo thập di” của Triệu Học Mẫn (1765). Ngày dùng 10-14 quả, có thể tới 20 quả, tán nhỏ, làm thành viên 0,10g toàn quả hoặc 0,02g nhân đã khử dầu mà uống. Uống liền 3-4 ngày đến một tuần lễ. Thường chỉ 1-2 ngày là khỏi. Nhưng nên uống liền trong 5-7 ngày cho hết hẳn. Có thể bỏ vỏ, ép hết dầu vì dầu có tính chất kích thích, gây nôn và ỉa lỏng. Ngoài công dụng chữa lỵ, nha đảm tử còn có tác dụng chữa ỉa lỏng, viêm ruột thường, chữa sốt rét.
"
Cây Ích Mẫu,"- Đặc điểm: Cây ích mẫu có tên như vậy vì có ích cho người mẹ (ích là có ích, mẫu là mẹ). Tên Leonurus do chữ Hy Lạp leon là sư tử, oura là đuôi, heterophyllus là lá có hình dạng biến đổi, vì cây ích mẫu giống đuôi con sư tử có lá hình dạng thay đổi. Ích mẫu là một loại cỏ sống 1-2 năm, cao 0,6m đến 1m. Thân hình vuông, ít phân nhánh, toàn thân có phủ lông nhỏ ngắn. Lá mọc đối, tùy theo lá mọc ở gốc, giữa thân hay đầu cành mà có hình dạng khác nhau. Lá ở gốc, có cuống dài, phiến lá hình tim, mép có răng cưa thô và sâu; lá ở thân có cuống ngắn hơn, phiến lá thường xẻ sâu thành 3 thùy, trên mỗi thùy lại có răng cưa thưa; lá trên cùng phần lớn không chia thùy và hầu như không cuống. Hoa mọc vòng ở kẽ lá. Tràng hoa mày hồng hay tím hồng, xẻ thành hai môi gần đều nhau. Quả nhỏ, 3 cạnh, vỏ màu xám nâu.
- Phân bố và điều chế: 
+ Chủ yếu mọc hoang, thường thấy ở ven suối, ven sông nơi đất cát, ruộng hoang, ven đường. Gần đầy 1 số nơi đã bắt đầu trồng để làm thuốc. 
- Tác dụng dược lí: 
+ Tác dụng trên tử cung. Nước sắc ích mẫu Leonurus sibiricus 1/5.000 hay 1/1.000 có tác dụng kích thích đối với tử cung cô lập của thỏ cái (dù có thai hay không có thai cũng vậy).
+ Tác dụng trên huyết áp. Nước sắc ích mẫu tuy không tác dụng trực tiếp trên huyết áp nhưng làm giảm tác dụng của adrenalin trên mạch máu. Cao ích mẫu làm giảm huyết áp, nhất là đối với thời kỳ đầu của bệnh cao huyết áp.
+ Tác dụng trên tim mạch. Loài ích mẫu Leonurus quinquelobatus và Leonurus cardia có tác dụng tốt trên tim mạch và đối với cơ tim có bệnh.
+ Tác dụng đối với hệ thần kinh của ích mẫu Leonurus sibiricus mạnh hơn tác dụng của Vale- rian và của Muyghe (Convallaria maialis).
+ Tác dụng kháng sinh đối với một số vi trùng ngoài da. Theo Trung Hoa bì phụ khoa tạp chí (số 4-1957, tr. 286-292) một số tác giả nghiên cứu thấy nước chiết ích mẫu 1 : 4 có tác dụng ức chế với trình độ khác nhau đối với một số vi trùng gây bệnh ngoài da.
+ Tác dụng trên viêm thận và phù cấp tính. Trên lâm sàng, ích mẫu chữa khỏi một số trường viêm thận và phù.
"
Cây Mắc Nưa,"- Đặc điểm: Còn gọi là Mặc Nưa, là một cây cao 10-20m có cành và những bộ phận khác của cây, lúc đầu có lông, . sau không có lông. Lá mọc so le, hình trứng dài, nguyên, mặt dưới mờ, mặt trên nhẵn, phiến lá dài 5,5-13cm rộng 5,5-7cm cuống có lông dài 3-6mm.Hoa đơn tính, nhỏ, màu vàng nhạt, hoa đực mọc thành xim ngắn, có lông, mang ít hoa: từ 1-3 hoa, hoa cái mọc đơn độc ở nách lá. Quả hình cầu, đường kính 20-30mm, nặng khoảng 8-12g, mỗi quả chứa 3-6 hạt, vỏ lúc còn nhỏ màu xanh tươi, sau ngả vàng xanh hay vàng hồng. Một cây mắc nưa cho khoảng 100-500kg quả mỗi năm. 
- Phân bố và chế biến: 
+ Được trồng chủ yếu ở Miền Nam nước ta, nhiều nhất vùng Tân Châu, còn thấy trồng ở Campuchia, Lào, Thái Lan, Miến Điện. Từ Quảng Bình trở vào có một cây rất gần mang tên cây mun-Diospyros mun H. Lec. cùng họ cũng được khai thác như mắc nưa với cùng một công dụng. 
+ Mắc nưa cũng như cây mun chủ yếu được trồng để lấy gỗ và lấy quả làm thuốc nhuộm màu đen. Quả có thể dùng tươi hay khô, nhưng chủ yếu là tươi.
- Tác dụng dược lí: 
+ Nguyễn Bá Tước đã nghiên cứu và thấy kết quả mặc nưa ít độc, và có tác dụng trừ giun đúng như kinh nghiệm nhân dân vẫn dùng.
+ Những thí nghiệm còn chứng minh rằng tác dụng trừ giun này do chất diospyron.Ngoài ra mặc nưa còn có tác dụng kháng sinh nhẹ.
"
Nấm Mộc Nhĩ,"- Đặc điểm: Còn gọi là Nấm Tai Mèo, loại nấm mọc trông giống tai người (mộc: gỗ, nhĩ: tai) mặt ngoài màu nâu nhạt, có lông mịn, mặt trong nhẵn màu nâu sẫm. Thể quả chất keo, thời kỳ đầu hình chén, dần dần biến thành hình cái tai, hoặc hình lá, đại bộ phận phẳng, nhẵn, rất ít khi có nếp nhăn. Bộ phận gốc thường có nếp gấp màu xám đỏ, nhiều khi màu tím. Đường kính có thể tới 15cm.
- Phân bố và chế biến: Mọc hoang trên những cây, cành gỗ mục, ở trong rừng hay ở vùng đồng bằng trên một số cây như cây sung, cây duối, cây sắn, hòe, dâu tằm. Hiện được sản xuất công nghiệp. Hải về phơi hoặc sấy khô. Khi dùng làm thuốc thì sao cháy.
- Tác dụng dược lí: Ngoài công dụng làm thức ăn, mộc nhĩ được dùng làm thuốc giải độc, chữa lỵ, táo bón và rong huyết. Ngày dùng 6-12g dưới dạng thuốc bột (sao cháy, tán bột), chia làm nhiều lần trọng ngày.
"
Nghệ,"- Đặc điểm: Còn có tên là Uất Kim, Khương Hoàn. Nghệ là một loại cỏ cao 0,60m đến 1m. Thân rễ thành củ hình trụ hoặc hơi dẹt, khi bẻ hoặc cắt ngang có màu vàng cam sẫm. Lá hình trái xoan thon nhọn ở hai đầu, hai mặt đều nhẵn dài tới 45cm, rộng tới 18cm. Cuống lá có bẹ. Cụm hoa mọc từ giữa các lá lên, thành hình nón thưa, lá bắc hữu thụ khum hình máng rộng, đầu tròn màu xanh lục nhạt, lá bắc bất thụ hẹp hơn, màu hơi tím nhạt. Tràng có phiến, cánh hoa ngoài màu xanh lục vàng nhạt, chia thành ba thùy, thùy trên to hơn, phiến cánh hoa trong cũng chia ba thùy, 2 thùy hai bên đứng và phẳng, thùy dưới hõm thành máng sâu. Quả nang 3 ngăn, mở bằng 3 van.
- Phân bố và chế biến: 
+ Được trồng ở khắp nơi trong nước ta để làm gia vị và làm thuốc. Còn mọc và được trồng ở các nước Ấn Độ, Inđônêxya, Cămpuchia, Lào, Trung Quốc và các nước nhiệt đới.
Thu hoạch vào mùa thu. Cắt bỏ hết rễ để riêng, thân rễ để riêng.
+ Muốn để được lâu phải đồ hoặc hấp trong 6- 12 giờ, sau đó đợi ráo nước, đem phơi nắng hoặc sấy khô. Thần rễ gọi là khương hoàng; rễ gọi là uất kim.
- Tác dụng dược lí: 
+ Theo tài liệu cổ: Nghệ vị cay, đắng, tính ôn, vào 2 kinh can và tỳ, nghệ có tác dụng phá ác huyết, huyết tích, kim sang và sinh cơ (lên da) chỉ huyết. Nhưng nếu âm hư mà không ứ trệ cấm dùng; các bệnh sản hậu (sau khi đẻ) mà không phải nhiệt kết ứ cũng không nên dùng đàn bà có thai không nên dùng. Nghệ thường được dùng trong bệnh đau dạ dày, vàng da, phụ nữ sinh nở xong đau bụng. Liều dùng hàng ngày 1-6g dưới hình thức bột hoặc thuốc sắc chia làm 2-3 lần uống trong ngày. 
+ Đơn thuốc có nghệ:
1. Chữa thổ huyết máu cam: Nghệ tán nhỏ, ngày uống 4-6g chiêu bằng nước.
2. Bài thuốc kinh nghiệm chữa điên cuồng (kinh nghiệm phương-Bản thảo cương mục); Nghệ 250g, phèn chua 100g, tán nhỏ, hòa nước cháo viên thành viên bằng hạt ngô. Ngày uống 50 viên.
"
Rau Sâm,"- Đặc điểm: Rau sam là một loại cỏ sống hàng năm, có nhiều cành mẫm, nhẵn. Thân có màu đỏ nhạt, dài 10 đến 30cm. Lá hình bầu dục dài, phía đáy lá hơi thót lại, không cuống, phiến lá dày, mặt bóng, dài 2cm, rộng 8-14mm. Những lá phía trên họp thành một thứ tổng bao quanh các hoa. Hoa mọc ở đầu cành, màu vàng, không có cuống. Quả nang bình cầu, mở bằng 1 nắp. Trong có chứa nhiều hạt màu đen bóng.
- Phân bố và chế biến: 
+ Rau sam mọc hoang ở khắp những nơi ẩm ướt của nước ta. Còn thấy mọc ở nhiều nước khác như Trung Quốc, Nhật Bản, Ấn Độ, Châu Âu. Tại nhiều nước châu Âu, nhất là ở Pháp, người ta trồng làm rau ăn, vị chua dễ chịu gọi là pourpier.
+ Hiện ở nước ta chưa ai đặt vấn đề trồng. Thu hái hoàn toàn dựa vào cây mọc hoang. Vào các tháng 5 đến 7 người ta hái cả cây, có khi cắt bỏ rễ rồi rửa sạch, dùng tươi hay phơi hoặc sấy khô, ở nước ta thường dùng tươi. Một số nơi dùng khô. Tại Trung Quốc, rau sam tươi hái về, lập tức nhúng nhanh vào nước sôi (có thể đồ), rồi lấy ra ngay, rửa nước cho sạch nhớt, rồi mới phơi hay sấy khô. Khi dùng hoàn toàn không phải chế biến gì khác.
- Tác dụng dược lí: 
+ Chữa lỵ cho trẻ em: Rau sam tươi 250g (hay 50g rau sam khô), nước 600ml, sắc còn 100ml (1ml tương đương với 2,5g rau sam tươi hoặc 0,50g rau sam khô). Đơn thuốc này chỉ dùng trong ngày. Nếu muốn sắc 1 lần dùng nhiều ngày thì phải thêm vào 0,5 natri benzoat hay 0,3 nipagin để bảo quản. 
+ Bài thuốc phối hợp rau sam và cỏ sữa (Viện nghiên cứu đông y 1960): Rau sam tươi 100g, cỏ sữa tươi 100g. Nếu đi ngoài ra máu thêm 20g cỏ nhọ nồi và 20g rau má. Cho 3 bát nước (600ml), sắc còn 1 bát (200ml). Người lớn uống cả liều, ngày uống 2 liều nói trên.
+ Thuốc trừ giun kim: Rau sam tươi 50g, rửa sạch, thêm ít muối giã nát, vắt lấy nước, thêm ít đường vào cho dễ uống. Uống liên tiếp 3-5 ngày.
+ Xích bạch đới: Giã nát rau sam vắt lấy nước, hòa với lòng trắng trứng gà, hấp chín, ăn trong vài ngày. Mỗi ngày dùng 100g rau sam tươi. 
+ Trẻ em chốc đầu: Giã nát rau sam tươi, thêm nước, sắc đặc bởi lên hay đốt ra than, hòa với mỡ lợn, bôi vào. 
+ Mụn nhọt: rau sam tươi, giã nhỏ đắp lên mụn nhọt, ngòi mụn dễ ra.
+ Đái ra máu: Rau sam nấu canh ăn hằng ngày, liên tục 3-7 hôm.
"
Vỏ Lựu,"- Vỏ của cây thạch lựu. Trong vỏ chứa chừng 28% chất tamin và chất màu. Các chất này có tính chất làm săn da và sát khuẩn mạnh
- Tác dụng dược lí:
+ Ngày dùng 15-20g dưới dạng thuốc sắc với nước. Có thể cho thêm đường và dầu thơm.
+ Tại một bệnh viện Trung Quốc người ta đã dùng thử nước sắc vỏ quả lựu, điều trị so sánh với lối chữa bằng rau sam, lá chè, becberin (chất lấy ở cây hoàng liên) v.v... người ta đã đi tới kết luận rằng vỏ quả lựu có tác dụng tốt hơn.
"
Bông Báo,"- Đặc điểm: Là một loại dây leo, thân có thể dài 10-15m. Thân hình trụ có lông. Lá mọc đối, có cuống dài 3-4cm, phiến lá hình tim hoặc bầu dục, đầu nhọn, chia nhiều thùy không đều, dài 10- 15cm, rộng 5-10cm, gân lá hình chân vịt nổi rõ ở mặt dưới, hai mặt lá đều có lông, mặt dưới nhiều hơn. Cụm hoa mọc thành chùm, mọc ở kẽ lá hay đầu cành. Hoa to màu xanh.
- Phân bố và chế biến: 
+ Cây bông báo mọc hoang và được trồng tại nhiều vùng ở nước ta, thường thấy ở những nơi dãi nắng, thoáng. Nhiều nơi trồng làm cảnh. Còn thấy mọc hoang ở Ấn Độ, miền Nam Trung Quốc có trồng với tên đại hoa lão nha chủy. Trồng bằng những mẩu thân dài 15-30cm.
+ Người ta thường hái lá dùng tươi hay phơi hoặc sấy khô làm thuốc.
- Tác dụng dược lí: Bông báo là một vị thuốc chữa rắn cắn rất
phổ biến trong nhân dân. Khi bị rắn cắn dùng khăn buộc trên nơi rắn cắn theo như thường áp dụng khi bị rắn cắn để tránh cho nọc độc khỏi lan khắp cơ thể, nặn cho máu chảy ra và nọc độc theo ra. Hái một nắm lá bông báo tươi, bỏ cuống, rửa sạch, giã nhỏ, thêm ít nước vào, vắt lấy nước. Lấy nước này xoa bóp từ trên xuống nơi rắn cắn chừng 5-10 phút. Ngày làm 2 lần, thường chỉ dùng 4-5 lần là thấy kết quả. 
"
Cơm Nếp,"- Đặc điểm: Cây cỏ, thân mềm, mọc bò, ở mỗi mấu đốt thân phình lên. Lá mọc đối, mép khía răng cưa tròn và nhăn nheo, hai mặt đều có lông thưa để héo có mùi thơm như mùi cơm nếp (do đó có tên). Hoa trắng, mọc thành bông ở kẽ lá hay đầu cành. Mùa hoa quả: tháng 3-5.
- Phân bố và chế biến: Cây mọc hoang dại thành bãi dưới tán rừng thưa, nơi ẩm mát. Người ta dùng toàn cây, trừ bỏ rễ, cắt thành từng đoạn, phơi hay sấy khô. Mùa thu hái gần như quanh năm, nhưng tốt nhất là vào mùa hè.
- Tác dụng dược lí: 
+ Dùng làm thuốc lợi sữa, bồi dưỡng cho phụ nữ sau khi đẻ: Ngày dùng 15-30g dưới dạng thuốc sắc.
+ Còn dùng làm thuốc an thần, chữa đau đầu khó ngủ.
+ Dùng ngoài: Giã nát dùng riêng hay phối hợp với một số cây thuốc khác để bó gãy xương.
+ Chú thích: Tuy mang tên cơm nếp nhưng nhân dân hầu như không dùng làm thơm thức ăn vì có độc. 
"
Bạch Hạc,"- Đặc điểm: Cây nhỏ cao 1,5m thân mọc thắng đứng, có nhiều cành, lá mọc đối có cuống, phiến lá hình trứng, thuôn dài, phía cuống tù, đầu nhọn, dài 2-9cm, rộng 1-3cm, mặt trên nhẵn, mặt dưới hơi có lông mịn. Hoa nhỏ, màu trắng hơi điểm hồng mọc thành xim nhiều hoa có cuống, ở đầu cành hay đầu thân. Quả nang, phía dưới dẹt không chứa hạt, phía trên chứa 4 hạt. có khi chỉ có 2 hạt. Hạt hình trứng hai mặt lồi.
- Phân bố và chế biến: 
+ Cây bạch hạc mọc hoang ở nhiều tỉnh miền Bắc nước ta. Còn thấy mọc ở Ấn Độ, Mailaixia, đồng Châu Phi. Có khi được trồng làm cảnh.
+ Người ta thường dùng rễ cây, dùng tươi hay khô làm thuốc. Rễ tươi mới đào bẻ đôi để một lúc lâu sẽ có màu đỏ. Lớp vỏ ngoài dễ bong ra. Mùi hắc nhẹ, vị ngọt tựa mùi sắn rừng. Mùa hái quanh năm, nhưng tốt nhất vào mùa đông. Đôi khi người ta chỉ dùng vỏ rễ. Có khi dùng cả lá.
- Tác dụng dược lí: 
+ Nhiều nơi trong nhân dân ta dùng rễ cây bạch hạc chữa bệnh hắc lào và một số bệnh ngoài da như bệnh chốc lở (impetigo), bệnh mụn rộp loang vòng (herpes circiné), eczema mãn tính.
+ Dùng rễ tươi hay khô giã nhỏ, ngâm rượu hoặc ngâm dấm trong 7 đến 10 ngày. Rửa sạch các vết hắc lào rồi bôi thuốc này lên.
Có thể nấu thành cao để dùng.
"
Tần Cửu,"- Đặc điểm: Cây tần cửu hay thanh táo là một cây nhỏ caochừng 1,5m, cành có màu tím sẫm hay xanh lục, nhẵn, giữa chỗ lá mọc đối có một dòng lông. Lá mọc đối, mang cuống ngắn, phiếu là hình mác thuôn, dài 4-14cm, rộng 1-2cm, mép nguyên. Lá thường bị loài nấm Puccinia thwaitesii ăn hại. Mặt lá nhẵn có gân xanh hay màu tím tùy theo cây. Hoa màu trắng hay hơi điểm hồng, có những đốm tía, mọc thành bông ở đầu cành hay kẽ lá phía ngọn. Quả nang dài 12mm, trong chứa 4 hạt. Mùa hoa quả là mùa hạ.
- Phân bố và chế biến: 
+ Cây thanh táo được trồng làm cảnh ở rất nhiều vườn hoa ở các tỉnh nước ta. Còn thấy mọc ở Trung Quốc (Quảng Đông, Đài Loan, Đông Bắc), Ấn Độ, Triều Tiên, Indonêxya. Người ta dùng vỏ thân hay vỏ rễ, rễ, lá hoặc tươi hoặc khô. Rễ thường được dùng với tên tần giao hay tần cửu, tần cừu. 
+ Thu hoạch quanh năm, tốt nhất vào các tháng 7-8.
- Tác dụng dược lí: Thường dùng lá hay cành cây thanh táo giã đắp vào các vết sưng hay sắc nước, nước còn nóng đắp vào chỗ sưng đau, đau thấp, đau xương, có khi ngâm rượu uống chữa tê thấp. Theo đông y rễ cây tần cửu vị đắng, cay và bình, vào 4 kinh: Vị, đại tràng, can, đảm. Sách cổ nói cây thanh táo có tác dụng hoạt huyết, trấn thống (làm cho máu lưu thông và giảm đau). Còn có tác dụng lợi đại tiện, chữa da vàng (hoàng đảm), họ sốt. Ấn Độ còn dùng lá, cành cho vào quần áo cho khỏi nhậy. Ngày dùng 6-12g dưới dạng thuốc sắc hay thuốc cao ngâm rượu. 
"
Cúc Bách Nhật,"- Đặc điểm: Cúc bách nhật là một cây mọc hằng năm, thân mọc thẳng đứng, cao chừng 50cm, thân và lá đều có lông mềm, nhỏ. Thân thổ to, hình trụ, trên có phân nhánh, cành hơi hình vuông. Chỗ đốt hơi phình to, mặt hơi có màu tím hồng. Lá đơn, mọc đối, có cuống ngắn, phiến lá hình trứng ngược, dài 5 đến 10cm, rộng 2-5cm đầu lá nhọn hay hơi tù, phía cuống thon lại thành cuống. Cụm hoa hình đầu, màu tím nhạt hay hồng sẫm hoặc trắng, đường kính của cụm hoa chừng 1,5- 2cm. Mùa hoa: Hạ và thu. Cụm hoa được dùng làm thuốc.
- Phân bố và chế biến: Thường được trồng làm cảnh ở các công viên. Mọc và được trồng ở Việt Nam và Trung Quốc. Tại các nước nhiệt đới khác đều có mọc. Người ta hái hoa, phơi hoặc sấy khô.
- Tác dụng dược lí: Mới được dùng trong phạm vi nhân dân làm thuốc chữa hen suyễn đối với người lớn, trẻ con bụng đầy, tiểu tiện khó khăn, trẻ con sốt quá hoá mê sảng. Liều dùng hàng ngày: 6-12g, dưới dạng thuốc sắc, khi uống có thêm ít rượu trắng cho chóng dẫn.
"
Trinh Nữ Hoàng Cung,"- Đặc điểm: Là một loại cỏ, thân hành như củ hành tây to, đường kính 10-15cm, bẹ lá úp vào nhau thành một thân giả dài khoảng 10-15cm, có nhiều lá mỏng kéo dài từ 80-100cm, rộng 3-8cm, hai bên mép lá lượn sóng. Gân lá song song, mặt trên lá lõm thành rãnh, mặt dưới lá có một sống lá nổi rất rõ, đầu bẹ lá nơi sát đất có màu đỏ tím. Hoa mọc thành tán gồm 6-18 hoa, trên một cán hoa dài 30-60cm. Cánh hoa màu trắng có điểm màu tím đỏ, từ thân hành mọc rất nhiều củ con có thể tách ra để trồng riêng dễ dàng. 
+ Phân bố và chế biến: Nhân dân thường nói rằng trinh nữ hoàng cung chỉ mọc ở Thái Lan, Cămpuchia nhưng thực tế ở Việt Nam cũng có mọc từ lâu và hiện nay thấy trồng ở cả 3 miền Bắc, Trung và Nam. Ở Việt Nam bộ phận dùng là lá dùng tươi hay phơi hoặc thái nhỏ sao vàng dùng dần. Nhưng ở một số nước người ta dùng cán hoa, thân hành của cây, thái nhỏ phơi khô.
- Tác dụng dược lí: Từ những năm 1989-1990, lá cây trinh nữ hoàng cung đã được nhiều người tin dùng để chữa các bệnh u xơ và ung thư tử cung ở phụ nữ, u xơ và ung thư tiền liệt tuyến ở nam giới. Cách sử dụng lá cây trinh nữ hoàng cung thường là uống nước sắc từ 3 lá tươi thái nhỏ mỗi ngày trong 7 ngày, sau đó nghỉ 7 ngày và lặp lại quy trình này ba lần. Tổng cộng là 63 lá. Một số người còn sử dụng nước sắc từ lá cây này cùng với ""đơn thuốc bổ thận,"" mặc dù nguồn gốc của đơn thuốc này không rõ ràng.


"
Mào Gà Đỏ,"- Đặc điểm: Là một loại cỏ sống lâu năm, cao từ 30cm đến 1,5m. Thân đứng, có cành nhẵn. Lá có cuống, phiến lá nguyên hình trứng đầu lá nhọn, phía gốc to rộng hơn lá cây mào gà trắng, Hoa đỏ, vàng hoặc trắng, cuống rất ngắn, mọc thành bông gần như không cuống hình vai với mép loe ra nhăn nheo. Quả hình trứng hay hình cầu. Hạt to hơn hạt mào gà trắng.
- Tác dụng dược lí:
+ Chưa có nhiều tài liệu nghiên cứu. 
+ Theo tài liệu cổ: Kê quan hoa vị ngọt, tính
lương, vào 2 kinh can và đại trường. Có tác dụng thanh nhiệt cầm máu. Chữa xích bạch lỵ, trĩ chảy máu, những người tích trệ không dùng được. Thường dùng như thanh tương tử.
+ Đơn thuốc có thanh tương tử và kê quan hoa
1. Chữa lòi dom, ra máu: Sắc cả hoa và hạt mà uống. Ngày uống 8-15g. Có thể phơi khô, tán nhỏ chế thành thuốc viên. Chia làm nhiều lần uống trong ngày.
2. Chữa dạ dày, ruột chảy máu, tử cung xuất huyết, lỵ ra máu, ỉa ra máu, kinh nguyệt dài ngày không hết: Hoa mào gà đỏ khô 10g (nếu dùng tươi dùng 25-30g) sấy khô, tán nhỏ. Chia làm nhiều lần uống trong ngày. Mỗi lần uống 1-2g (kinh nghiệm nhân dân).
"
Mào Gà Trắng,"- Đặc điểm: Mào gà trắng là 1 loại cỏ mọc quanh năm, thân mọc thẳng, nhẵn, mang nhiều cành, cao 0,3-1m có thể tới 2m. Lá mọc so le, hình mác, nguyên, đầu nhọn, gốc lá cũng hơi nhọn, dài 8- 10cm, rộng 2-4cm. Vào mùa hạ và mùa thu ra hoa không có cuống, mọc thành bóng trắng hoặc hơi hồng, dài 3-10cm, đồng trưởng. Quả nang, mở theo hình hộp, trong mang nhiều hạt. Hạt dẹt màu đen, hoặc nâu đỏ, mặt bóng, đường kính ước 1mm. Khi nhìn qua kính lúp thấy mặt hạt có những vân và một điểm hôm là tễ. Vỏ dòn, dễ vỡ, không mùi, vị nhạt.
- Phân bố và chế biến: Nguồn gốc cây từ phía đông Ấn Độ nhập sang ta từ lâu. Được trồng khắp nơi ở nước ta để làm cảnh vì cây hoa có dáng đẹp và để lấy hạt làm thuốc. Trồng bằng hạt vào mùa xuân. Đến tháng 9-10 hạt chín, hải hoa về phơi khô, đập lấy hạt sẩy loại hết tạp chất, phơi lần nữa cho thật khô. Có khi người ta dùng cả hoa.
- Tác dụng dược lí: 
+ Chưa có nhiều tài liệu nghiên cứu.
+ Theo tài liệu cổ: Thanh tương tử vị đắng hơi hàn, vào can kinh. Có tác dụng khử phong nhiệt, thanh can hoả, làm sáng mắt. Dùng chữa phong nhiệt làm mắt đau. Những người đồng tử mở rộng cấm dùng. Dùng trong phạm vi nhân dân làm thuốc thu liễm, cầm máu, chữa ỉa lỏng, trong các bệnh xích bạch, lỵ, lòi dom, chảy máu ruột, thổ huyết, máu cam, tử cung xuất huyết, bệnh về gan và mắt (sưng đỏ, nhiều tia máu).
+ Liều dùng: 4 đến 12g hay hơn trong một ngày, dưới hình thức thuốc sắc, hoặc thuốc viên.
"
Kim Vàng,"- Đặc điểm: Cây nhỏ mọc đứng. Nhánh vuông, không lông lá. Lá nguyên không lông, lá kèm biến thành gai thắng nhọn. Cụm hoa bông ở ngọn, các lá bắc kết hợp cao 2cm. Cánh hoa mềm, màu vàng nhạt. Mỗi hỏng thường có 18-20 hoa nhưng thường không nở hoa một lúc. Mỗi ngày chỉ nở hai hoa. Sau 7 ngày mới nở hết một bông hoa. Quả nang có hạt dẹt, hạt được bao bọc bởi một vỏ cứng. Khi quả chín khô, nổ tách bắn hạt ra xa.
- Phân bố và chế biến: 
+ Cây kim vàng mọc hoang dại ở các tỉnh phía
Nam nước ta, được nhiều nhà trồng làm cánh hoặc trong chậu, hoặc thành hàng rào vì có gai nhọn, có người tỉa cây thành hình cầu, có nhiều hoa đẹp hơn. Gần đây nhiều người đã trồng để lấy lá dùng chữa rắn độc cắn. Thường chỉ thu hoạch lấy lá tươi dùng ngay. Chưa thấy mấy người dùng lá khô.
+ Còn mọc hoang và được trống ở Ấn Độ, Miến Điện, Inđônêxia.
- Tác dụng dược lí: Cây kim vàng có công dụng phổ biến là chữa vết rắn độc cắn. Để sử dụng, hái một nắm lá tươi (khoảng 20-35g), giã nát và vắt lấy nước cốt cho nạn nhân uống, còn bã thì đắp lên vết cắn. Cứ 30 phút lại cho uống một lần. Một số người kết hợp lá kim vàng với phèn chua: đầu tiên hút nọc rắn bằng ống nhựa hoặc ống trúc rồi giã 30g lá kim vàng tươi với 5g phèn chua, vắt lấy nước cho nạn nhân uống, còn bã thì đắp lên vết cắn.
"
Chàm Mèo,"- Đặc điểm: Cây chàm mèo (Baphiacanthes cusia) là một cây nhỡ, lá bầu dục, hoa mọc thành bông, màu xanh, tím hồng hay trắng, 4 nhị (2 dài). Quả nang. Dùng để chế chàm nhuộm
- Phân bố và chế biến: Cây mọc hoang ở các thung lũng ẩm ướt, các núi đá và được trồng lấy cành lá để nhuộm màu xanh chàm. Ở hầu hết các tỉnh vùng cao ở miền Bắc như Lào Cai, Lai Châu, Sơn La, Hà Giang, Cao Bằng, Lạng Sơn, Bắc Thái, Hà Bắc đều có trồng chàm mèo trong các vườn gia đình hay trên nương rẫy gần nguồn nước, ở miền Nam cũng có trồng ở Bình Định. Người ta trồng chàm mèo bằng cách vào tháng 3-4. Sau khi trồng được 6 tháng đã có thể thu hái lá. Dùng lá tươi để chế bột chàm; lá tươi ngâm nước ở 30oC trong 12 giờ cho lên men. Lọc men, lọc, kiềm hoá bằng vôi và khuấy liên tục 4-5 giờ. Lọc gạn lấy bột Chàm, ép kiệt nước, thái thành miếng, phơi trong mát đến khô. Bột Chàm tốt phải chứa 60-70% indigotin.
​- Tác dụng dược lí: Chàm mèo và Thanh đại có vị đắng nhạt. tính lạnh, có tác dụng thanh nhiệt, giải độc, mát máu, tiêu ban mẩn, sưng viêm và cầm máu. Thanh đại tính hàn, như là chàm và cũng tác dụng thanh nhiệt, tán uất, lương huyết, giải độc. Người ta đã nghiên cứu tác dụng kháng nội tiết sinh dục nữ, gây sẩy thai, gây tăng co bóp tử cung một cách nhịp nhàng."
Công Cộng,"- Đặc điểm: Cây nhỏ, thuộc thảo, mọc thẳng đứng, cao từ 0,3-0,8m, nhiều đốt, rất nhiều cành. Lá mọc đối, cuống ngắn, phiến lá hình trứng thuôn dài hay hơi hình mác, hai đầu nhọn, mặt nhẵn, dài 3- 12cm, rộng 1-3cm, nguyên, mềm. Hoa màu trắng, điểm hồng, mọc thành chùm ở nách lá hay đầu cành, thành chùy. Quả dài, 15mm, rộng 3,5mm, hơi nhắn. Hạt hình trụ, thuôn dài. Mùa hoa 9-10.
- Phân bố và chế biến: 
+ Mọc hoang dại và được trồng ở nhiều tỉnh miền Bắc để làm thuốc. Còn mọc ở Ấn Độ, Giava, Malaixia, miền man Trung Quốc (Quảng Châu).
+ Người ta dùng rễ hay toàn cây phơi hoặc sấy khô. Có nơi chỉ dùng lá và cành mang lá. Thu hái gần như quanh năm.
- Tác dụng dược lí: 
+ Rượu bổ kariyat: Rễ cây công cộng phơi khô tán nhỏ 180g, lỗ hội 30g, rượu 40° vừa đủ 1 lít. Ngày dùng 4 đến 16g rượu này trong những trường hợp yếu mệt, kém ăn.
+ Thuốc hãm bổi: Toàn cây công cộng thái nhỏ 45g, vỏ cam và hạt mùi tán nhỏ 4g, nước sôi 300ml. Mỗi lần uống 45 đến 60g nước hãm này. Ngày uống hai hay ba lần.
"
Trạch Tả,"- Đặc điểm: Cây trạch tả mọc ở ao và ruộng, cao 0,3-1m.
Thân rễ trắng, hình cầu hay hình con quay, thành cụm, lá mọc ở gốc hình trứng thuôn, hay lưỡi mác, phía cuống hơi hẹp lại hình tim. Hoa họp thành tán có cuống dài đều, lưỡng tính có 3 lá đài màu lục, 3 cánh hoa trắng hay hơi hồng, nhị nhiều lá noãn rời nhau, xếp xoắn ốc. Quả là một đa bế quả.
- Phân bố và chế biến: Cây này mọc hoang ở những nơi ẩm ướt ở
Lào Cai, Lai Châu, Cao Bằng, Lạng Sơn. Hiện được trồng ở nhiều tỉnh như Nam Hà, Thái Bình, Hà Tây, Hoà Bình... Hái lấy rễ củ, rửa sạch, cạo hết rễ nhỏ, phơi hoặc sấy khô.
- Tác dụng dược lí: 
1. Chữa thủy thũng: Trạch tả 40g, bạch truật 40g, tán nhỏ, mỗi lần uống 10-12g. Dùng nước sắc phục linh để chiêu thuốc.
2. Phục linh trạch tả thang: Trạch tả 6g, phục linh 6g, bạch truật 4g, cam thảo 2g, quế chi 2g, nước 600ml. Sắc còn 200ml chia 3 lần uống trong ngày. Cũng chữa bệnh thủy thũng.
"
Nấm Hương,"- Đặc điểm: Nấm hương gồm một chân đính vào giữa mũ (còn gọi là chụp hay tai nấm). Mặt trên mũ màu nâu, mặt dưới mũ có nhiều bản mỏng tỏa từ chân ra mép mũ mang những bào tầng phủ trên mặt ngoài các bản mỏng đó. Những bản mỏng này không nối vào nhau. 
- Phân bố và chế biến: Nấm hương là một loại lâm sản quý, mọc hoang dại trong những rừng ẩm mát các tỉnh miền núi cao như Lào Cai, Lai Châu, Lạng Sơn, Cao Bằng, Bắc Cạn, Thái Nguyên, Hà Giang, Tuyên Quang, Hà Tây, Hòa Bình v.v...
- Tác dụng dược lí: Cho đến nay nấm hương chỉ mới được dùng
như một loại thực phẩm cao cấp có giá trị cao trên thị trường trong nước và xuất khẩu. Một số vùng người ta đốt nấm hương tồn tính uống chữa lỵ. Ngày dùng 4-6g. Tuy nhiên chưa được thấy dùng phổ biến, có lẽ vì nấm hương đắt, hiếm.
Chú thích:
Trung Quốc khai thác loài nấm Lentinus edodes (Berk.) Sing thuộc họ Pleurotaceae làm nấm hương hay hương cổ.

"
Cây Ớt,"- Đặc điểm: Cây loại cỏ mọc hằng năm tại những nước ôn đới, sống lâu năm và thân phía dưới hoá gỗ ở những nước nhiệt đới. Cây có rất nhiều cành, nhẵn. Lá mọc so le, hình thuôn dài, đầu nhọn, phía cuống cũng thuôn hẹp, có cuống, phiến lá dài 2-4cm, rộng 1,5-2cm. Hoa mọc đơn độc ở kẽ lá. Quả mọc rủ xuống hay quay lên trời (chỉ thiên), hình dáng thay đổi, khi thì tròn, khi thì dài, đầu nhọn, màu vàng hay đỏ. Có loại rất cay, có loại ít cay, tuỳ theo nhiều điều kiện .
- Phân bố và chế biến: 
+ Được trồng ở khắp nơi tại Việt Nam. Có những cây mọc hoang, nhưng có lẽ đó cũng là do gần đấy có nhà trước trồng sau bỏ đi nơi khác, còn sót giống lại.
+ Tuy nhiên việc trồng ớt ở nước ta chưa phát triển lắm. Tại nhiều nước như Nhật Bản, Inđônêxya, Ấn Độ, nhất là Hungari người ta trồng hàng nghìn hecta, mỗi năm xuất cảng từ 2.500 đến 3.000 tấn ớt khô. Có những cơ quan chuyên nghiên cứu, trồng ớt, chọn giống, hướng dẫn cách thu hái, chế biến và có xí nghiệp chuyên môn chế biến ớt. Chủ yếu hái quả dùng tươi hay phơi hoặc sấy khô. Lá thường dùng tươi.
- Tác dụng dược lí: 
+ Gây xót da và viêm mạc: Gây đỏ mà không gây phồng da, làm ta có cảm giác nóng ở môi và dạ dày. 
+ Tay chạm vào ớt cần tránh dụi mắt. Bột ớt gây hắt hơi rất khó chịu. 
+ Ngoài công dụng làm gia vị, ớt có thể là một vị thuốc làm giúp sự tiêu hoá, làm ăn ngon chóng tiêu.
+ Ớt là một vị thuốc gây đỏ, kích thích tại chỗ, những trường hợp đau do phong thấp, đau lưng, đau khớp. Ngoài ra có thể dùng để chữa vết thương do rết cắn.
"
Xạ Đen,"- Đặc điểm: Lá dạng cây thân gỗ nhỏ, lá màu hơi tía và có răng cưa, mọc thành từng bụi, thường sống dựa vào các thân cây gỗ lớn trong rừng.
- Phân bố: Trên thế giới cây xạ đen phân bố tại Quảng Đống, Phúc Khiến, Quảng Tây, Vân Nam – Trung Quốc, ở Ấn Độ, Malaysia và khu vực tỉnh Hòa Bình của Việt Nam.
- Tác dụng dược lí: Nhờ tác dụng phòng và hỗ trợ điều điều trị bệnh ung thư rất hiệu quả, đã có rất nhiều bệnh nhân mắc khối u ác tính trên cả nước sử dụng cây xạ đen và đến nay đã cho hiệu quả rất tốt. Có nhiều bệnh nhân vô phương cứu điều trị bị bệnh viện trả về, sau khi dùng nước sắc cây xạ đen một thời gian thì người lại bớt đau, ăn tốt, ngủ tốt sức khỏe dần dần hồi phục.
"
Xoài,"- Đặc điểm: Cây to cao 15-20m. Lá nguyên, mọc so le, đơn, thuôn dài, nhãn, bóng, dài 15-30cm, rộng 5-7cm. Hoa nhỏ, màu vàng nhạt, thành chùy ở đầu cành. Quả hạch khá to, hạch dẹt, hình thận, cứng trên có những thớ sợi khi nảy mầm thì hơi mở ra. Hạt có lớp vỏ mỏng, màu nâu, không phối nhũ, lá mầm không đều.
- Phân bố và chế biến: Nguồn gốc ở các nước nhiệt đới châu Á, hiện được phổ biến trồng ở khắp những nước nhiệt đới khác. Tại miền nam xoài là một cây được trồng rất phổ biến. Tại miền Bắc, mấy năm gần đây có chú ý trồng tại một số tỉnh. Riêng tỉnh Sơn La, năm 1970, sản lượng xoài mỗi vụ đã thu tới hàng trăm tấn quả, trọng lượng mỗi quả trung bình 135-230g. Ở Sơn La, xoài nổi tiếng nhất là xoài Yên Châu và Mộc Châu. Ngoài quả ra, người ta còn dùng vỏ thân, nhựa thân, hạt và lá làm thuốc. Quả thu hoạch vào mùa hè, các bộ phận khác thu hái quanh năm.
- Tác dụng dược lí: 
+ Nhựa vỏ cây xoài chảy ra có màu đen không mùi, vị đắng hắc, ra không khí đặc lại, hoà vào nước chanh dùng bôi ghẻ.
+ Vỏ thân xoài dùng tươi hay khô. Tươi thì giã vắt lấy nước, được dùng như vỏ quả, vỏ khô dùng dưới dạng thuốc sắc. Nhân dân Campuchia dùng chứa thấp khớp (đắp nóng bên ngoài), hoặc rửa khí hư bạch đới của phụ nữ. Đôi khi dùng rửa chữa tôkơlô. Tại miền Bắc, vỏ xoài được dùng sắc uống chữa sốt hay chữa đau răng (ngậm và nhổ đi).
"
Vú Sữa,"- Đặc điểm: Cây to, cao 10-15m, ngọn mang cành um tùm, thân nút kẽ trắng nhạt. Lá dày, cứng, mặt trên xanh đậm, mặt dưới có lông hung vàng. Hoa nhỏ ở kẽ lá màu trắng hồng. Quả mọng hình cầu, to bằng quả cam, da nhẵn, có loại trắng, có loại tím. Vú sữa trắng, khi còn non màu xanh bích ngọc, khi chín chuyển màu trắng nhạt, lớp vỏ mỏng, mịn, dưới lớp vỏ là phần thịt dày 1-2 đốt ngón tay. Trong lớp thịt này có chất nước trắng, đục như sữa, thơm ngon, còn thịt ăn hơi có vị chát. Qua lớp thịt là lớp ruột màu trắng trong như lòng trắng trứng bọc lấy 5-9 hạt dẹt, màu đen, có nhân hơi đắng. Quả vú sữa tím hơi nhỏ hơn quả vú sữa trắng, nhưng khi chín chuyển sang tím sẫm phơn phớt hồng.
- Phân bố và chế biến: Vú sữa vốn nguồn gốc ở đảo Ăngti, được di thực vào miền Nam nước ta từ lâu. Hiện cũng được trồng ở miền Bắc, chủ yếu để lấy quả ăn. Phải biết cách làm đúng thì ăn vú sữa mới thấy thơm ngon: Trước hết phải đợi quả thật chín, vì nếu chưa chín, vú sữa có vị chát và có nhựa dính. Sau khi hái quả về, nắn cho quả mềm ra, khi ấy lớp thịt tiết ra chất sữa quyện vào lớp ruột. Sau đó bổ đôi hoặc bổ dọc thành miếng như múi cam, rồi dùng thìa xúc ăn. Có người nắn cho quả mềm ra rồi khoét một lỗ quanh cuống và hút. Cũng có người bổ đôi quả, khoét bỏ giữa, cho nước vắt quả cam vào. Vị chua và mùi thơm sữa. Dùng làm kẹo hoặc ép dầu.
- Tác dụng dược lí: Vú sữa chủ yếu mới được dùng làm thức ăn bổ tráng miệng. Một số nơi dùng vỏ cây vú sữa làm thuốc bổ và kích thích. Dùng dưới dạng thuốc sắc. Ngày uống 6-10g.
"
Mãng Cầu,"- Đặc điểm: Mãng cầu xiêm là cây thân gỗ tùy kích thước lớn hay nhỏ với chiều cao khoảng 6-8m. Vỏ cây có nhiều lỗ bì nhỏ, màu nâu. Lá mọc so le, nguyên, hình trái xoan ngọn giáo, có mũi, nhẵn, thơm, có khoảng 8 đôi gân bên. Hoa đơn độc ở thân hay nhánh già; 3 lá đài nhỏ màu xanh; 3 cánh hoa màu xanh vàng, 3 cánh hoa trong màu vàng, hơi nhỏ hơn; nhị và nhụy làm thành một khối tròn cỡ 1.5cm. Quả mọng kép lớn, hình trứng, dài 25-30cm, màu lục hay màu vàng nhạt, phủ những mũi nhọn thẳng hay cong, chứa nhiều hạt nâu đen. Thịt quả có vị ngọt, hơi chua. Quả mãng cầu xiêm to hơn quả na rất nhiều, có thể nặng hơn 6kg.
- Phân bố và chế biến: Mãng cầu xiêm có nguồn gốc từ vùng Trung Mỹ như vùng Caribe, Cuba và phía bắc của vùng Nam Mỹ chủ yếu ở Brazil, Colombia. Ngày nay, Mãng cầu được trồng ở một số vùng Đông Nam Á, và một số đảo ở Thái Bình Dương. Cây được trồng để lấy quả ở miền nam Việt Nam và nhiều nước nhiệt đới khác. Cây mãng cầu sống ở những nơi có độ ẩm cao và mùa Đông không được quá lạnh, nếu nhiệt độ dưới 5⁰C sẽ khiến lá và các nhánh nhỏ và nhiệt độ dưới 3⁰C thì cây có thể chết. 
- Tác dụng dược lí: 
+ Mãng cầu chứa nồng độ cao flavonoid, tanin và acid phenolic có tác dụng chữa bệnh nhờ đặc tính chống oxy hóa, chống viêm và bảo vệ dạ dày. Theo các báo cáo nghiên cứu cho thấy lá và vỏ cây được dùng để pha trà và điều trị các vấn đề về Đường tiêu hóa như viêm dạ dày và tiêu hóa kém.
+ Tiêu chảy là bệnh do rối loạn tiêu hóa thường gặp do nhiễm khuẩn. Vỏ và quả mãng cầu được người dân ở Tây Phi sử dụng rộng rãi để điều trị bệnh tiêu chảy. Các thành phần flavonoid, triterpenoid và Saponin đóng vai trò trong hoạt động chống tiêu chảy của nó bằng cách ức chế nhu động ruột và bài tiết gây tiêu chảy.
+ Chiết xuất flavonoid từ quả mãng cầu được báo cáo là có tác dụng chống oxy hóa và trị đái tháo đường bằng cách ức chế các enzym chính liên quan đến bệnh đái tháo đường tuýp 2.
+ Ngoài ra còn được dùng để điều trị sốt rét, kháng virus, hạ huyết áp, làm lành vết thương.
"
Hoa Mai,"- Đặc điểm: Mai vàng là loài cây thân gỗ, sống lâu năm và được ưa chuộng ở các tỉnh miền Nam Việt Nam. Loài cây này có hoa màu vàng tươi, thường nở rộ vào mùa xuân, đặc biệt vào dịp Tết Nguyên Đán. Hoa mai vàng được xem là biểu tượng của sự may mắn, thịnh vượng và mang ý nghĩa tốt lành trong văn hóa Việt Nam. Cây thích hợp với khí hậu nhiệt đới, có khả năng chịu hạn và phát triển tốt ở những vùng đất tơi xốp, thoát nước tốt.
- Phân bố và chế biến: Cây Mai vàng thuộc chi Ochna, bao gồm các loài cây bụi hoặc cây gỗ nhỏ phân bố ở vùng nhiệt đới và cận nhiệt đới trên khắp châu Á, châu Phi và châu Mỹ. Tại Việt Nam, cây chủ yếu sinh trưởng ở các vùng nhiệt đới điển hình, từ Quảng Trị đến các tỉnh phía Nam.
- Tác dụng dược lí: 
+ Chống oxi hoá. 
+ Ức chế enzym tyrosinase.
+ Hoạt tính chống viêm. 
+ Hoạt tính bảo vệ gan
"
Hoa Ngọc Lan,"- Đặc điểm: Ngọc Lan thuộc dạng cây to, chiều cao từ 10 đến 15 mét, có khi cao hơn. Vỏ thân cây có màu xám. Lá cây mọc so le, phiến lá có dạng hình bầu dục, dài, hơi thuôn, chiều dài mỗi phiến lá từ 15 đến 20cm, chiều rộng từ 8 đến 10cm, gốc lá có dạng hình tròn, đầu lá nhọn. Mặt trên của lá cây Ngọc lan trắng thường nhẵn, mặt dưới có một ít lông thưa. Hoa có màu trắng, mùi thơm, thường mọc đơn độc ở kẽ lá, đài và tràng của bao hoa đã phân hóa, tạo thành những phiến có kích thước bằng nhau. Bao phấn nứt dọc. Lá noãn rời, chứa 5-8 noãn. Quả hình nón, nhiều đại, mỗi đại lại gồm từ 1-8 hạt có dạng hình trứng. Mùa hoa quả rơi vào tháng 5 đến tháng 8.
- Phân bố và chế biến: Chi Michelia L. trên thế giới có khoảng 30 loài, toàn là cây gỗ, một số loài thuộc chi này cũng được trồng để lấy tinh dầu để phục vụ sản xuất trong công nghệ mỹ phẩm. Tại nước ta, chi này có khoảng 19 loài. Một số tài liệu cho rằng, Ngọc lan trắng là sự kết hợp của 2 loài là M.champaca L. và M. montana Blume. Cây được trồng ở nhiều nước nhiệt đới của Đông-Nam Á. Ngọc lan trắng được tìm thấy ở nhiều tình thuộc phía Bắc, cây được trồng chủ yếu để làm cảnh, đặc biệt là trong các đình chùa, công viên,...
- Tác dụng dược lí: 
+ Hoa:
Tính vị: Vị đắng, cay, tính hợp ấm.
Tác dụng: Giảm ho, ích phế, tiêu đờm, hòa khí.
+ Vỏ thân:
Tính vị: Có vị đắng, tính lạnh.
Tác dụng: Thanh nhiệt, lợi tiểu.
"
Hoa Hoàng Lan,"- Đặc điểm: Là loại cây thân gỗ nhỏ, cao 3-8m, phát triển nhiều cành, cành non có lông vàng mịn, mềm. Lá có cuống dài, phiến hình mũi giáo nhọn, gân giữa lá to nổi giữa, phía dưới có nhiều lông. Hoa đơn mọc ở nách lá, có mầu vàng rất thơm. Hoa quả ra vào tháng 7 - 10 hằng năm và được thu hái quả, vỏ thân rễ quanh năm, sau rửa sạch phơi khô dùng làm thuốc chữa bệnh.
- Phân bố: Có nhiều tại các vùng trong nước và được trồng làm cảnh.
- Tác dụng dược lí: 
+ Chữa sốt rét cách nhật
+ Chữa viêm họng
+ Chữa thấp khớp
+ Chữa kinh nguyệt không đều
"
Cây Bình Bát,"- Đặc điểm: Cây bình bát hay còn được gọi là na xiêm, một loại cây rất phổ biến ở các vùng nhiệt đới. Cây bình bát thường ra hoa vào tháng 5 – 6, mùa quả vào tháng 7 – 8. Các bộ phận được sử dụng làm dược liệu của cây bình bát gồm có thân, lá, quả, hạt và rễ cây. Lá cây bình bát có thể thu hái quanh năm. Rễ nên lấy ở những cây lớn, to khỏe. Quả bình bát dược thu hái tùy theo mục đích sử dụng và lấy hạt của quả chín.
- Phân bố và chế biến: Có xuất xứ từ Trung Mỹ, Brazil, Nam Mexico và Peru. Ở Việt Nam, Bình bát phân bố rộng rãi khắp cả nước, đặc biệt là khu vực đất nhiễm phèn ở các tỉnh ven biển từ Bắc vào Nam (bờ sông, rìa kênh, mương, ao hồ).
- Tác dụng dược lí: 
+ Toàn cây Bình bát có vị chát, có độc tính (đặc biệt ở hạt và vỏ thân) nên nhìn chung có tác dụng sát trùng.
Trái Bình bát có tác dụng kháng khuẩn, chữa đái tháo đường, bướu cổ, săn se niêm mạc ruột, trừ lỵ, giun.
+ Hạt và lá Bình bát giã nát, nấu nước đặc rồi gội đầu để trừ chấy rận và sâu bọ. 
+ Hạt Bình bát có thể chữa tiêu chảy, kiết lỵ, nhưng độc nên thường chỉ dùng ngoài. Ngoài ra, hạt đốt thành tro và trộn với dầu dừa để bôi ngoài da chữa ghẻ lở.
+ Vỏ thân Bình bát cũng có tác dụng như hạt nhưng tác dụng yếu hơn và ít độc hơn.

"
Bồ Công Anh,"- Đặc điểm: Cây nhỏ, chiều cao trung bình từ 0,6m đến 1m (có thể cao tới 3m). Thân mọc thẳng, nhẵn, không cành hoặc rất ít cành. Lá có nhiều hình dạng; lá dưới dài 30cm, rộng 5-6cm, gần như không có cuống, chia thành nhiều thuỳ hay răng cưa to và thô, lá phía trên ngắn hơn, nguyên chứ không chia thuỳ, mép có răng cưa thưa. Bấm lá và thân đều thấy tiết ra nhũ dịch màu trắng đục như sữa, vị hơi đắng. Cụm hoa hình đầu, màu vàng, có loại tím.
- Phân bố và chế biến: 
+ Bồ công anh mọc hoang tại nhiều tỉnh miền bắc nước ta; ít thấy trồng. Việc trồng rất dễ dàng bằng hạt. Mùa trồng vào các tháng 3-4 hoặc 9- 10. Có thể trồng bằng mẩu gốc, sau 4 tháng có thể bắt đầu thu hoạch.
+ Lá hái về thường được dùng tươi hay phơi hoặc sấy khô dùng dần. Không phải chế biến gì đặc biệt. Một số người hái cả cây, cả rễ cắt nhỏ phơi khô để dùng.
- Tác dụng dược lí: Theo sự nghiên cứu của nước ngoài, những loại Lactuca nói trên không có độc, có tính chất gây ngủ nhẹ. Nhưng tại những nước này người ta không dùng lá như ở ta, mà dùng chất nhựa mủ phơi khô đen lại như nhựa thuốc phiện để dùng làm thuốc chữa ho trẻ con và dùng chữa cho trẻ con mất ngủ. Hiện tại loài cây này ở nước ta chưa có tài liệu nghiên cứu

"
,
